-- users
INSERT INTO "PUBLIC"."USER_ACCOUNTS" (ID, EMAIL, PASSWORD, USERNAME ) VALUES  ( 1, 'john@doe.com', 'doe', 'john' )
INSERT INTO "PUBLIC"."USER_ACCOUNTS" (ID, EMAIL, PASSWORD, USERNAME ) VALUES  ( 2, 'keyser@soze.com', 'soze', 'keyser' )
INSERT INTO "PUBLIC"."USER_ACCOUNTS" (ID, EMAIL, PASSWORD, USERNAME ) VALUES  ( 3, 'eval@adapt.com', 'eval', 'eval' )
-- user privileges
INSERT INTO "PUBLIC"."USER_ACCOUNTS_PRIVILEGES" (USER_ACCOUNT, PRIVILEGE ) VALUES  ( 1, 'ROLE_USER' )
INSERT INTO "PUBLIC"."USER_ACCOUNTS_PRIVILEGES" (USER_ACCOUNT, PRIVILEGE ) VALUES  ( 2, 'ROLE_ADMINISTRATOR' )
INSERT INTO "PUBLIC"."USER_ACCOUNTS_PRIVILEGES" (USER_ACCOUNT, PRIVILEGE ) VALUES  ( 2, 'ROLE_TEACHER' )
INSERT INTO "PUBLIC"."USER_ACCOUNTS_PRIVILEGES" (USER_ACCOUNT, PRIVILEGE ) VALUES  ( 3, 'ROLE_EVALUATOR' )
-- user groups
INSERT INTO "PUBLIC"."STUDENT_GROUPS" (ID, GROUP_NAME) VALUES (1, 'TEST GROUP')
INSERT INTO "PUBLIC"."STUDENT_GROUPS_MEMBERS" (MEMBER_ID, GROUP_ID, GROUP_ROLE) VALUES (1,1,'STUDENT')
INSERT INTO "PUBLIC"."STUDENT_GROUPS_MEMBERS" (MEMBER_ID, GROUP_ID, GROUP_ROLE) VALUES (2,1,'GROUP_ADMINISTRATOR')
INSERT INTO "PUBLIC"."STUDENT_GROUPS_MEMBERS" (MEMBER_ID, GROUP_ID, GROUP_ROLE) VALUES (3,1,'EVALUATOR')
-- survey templates
INSERT INTO "PUBLIC"."SURVEY_TEMPLATES" (ID, TITLE, USER_ID, CREATION_DATE ) VALUES  ( 1, 'not published survey', 3, CURRENT_TIMESTAMP )
INSERT INTO "PUBLIC"."SURVEY_TEMPLATES" (ID, TITLE, USER_ID, CREATION_DATE ) VALUES  ( 2, 'zajecia z javy', 3, CURRENT_TIMESTAMP )

-- question templates
INSERT INTO "PUBLIC"."QUESTION_TEMPLATES" (ID, NUMBER, "TEXT", HTML_TEXT, TEMPLATE, QUESTION_TYPE ) VALUES  ( 1, 1, 'not published template','not published template', 1, 'SINGLE_CHOICE' )
INSERT INTO "PUBLIC"."QUESTION_TEMPLATES" (ID, NUMBER, "TEXT", HTML_TEXT, TEMPLATE, QUESTION_TYPE ) VALUES  ( 2, 2, 'another not published question','another not published question', 1, 'SINGLE_CHOICE' )
INSERT INTO "PUBLIC"."QUESTION_TEMPLATES" (ID, NUMBER, "TEXT", HTML_TEXT, TEMPLATE, QUESTION_TYPE ) VALUES  ( 3, 1, 'jak oceniasz ''wprowadzenie do jezyka''','jak oceniasz ''wprowadzenie do jezyka''', 2 , 'SINGLE_CHOICE' )
INSERT INTO "PUBLIC"."QUESTION_TEMPLATES" (ID, NUMBER, "TEXT", HTML_TEXT, TEMPLATE, QUESTION_TYPE ) VALUES  ( 4, 2, 'jak oceniasz zajecia z ''swing''','jak oceniasz zajecia z ''swing''', 2, 'SINGLE_CHOICE' )
INSERT INTO "PUBLIC"."QUESTION_TEMPLATES" (ID, NUMBER, "TEXT", HTML_TEXT, TEMPLATE, QUESTION_TYPE ) VALUES  ( 5, 3, 'jak oceniasz wyklady z ''podstawy Java''','jak oceniasz wyklady z ''podstawy Java''', 2, 'SINGLE_CHOICE' )
-- answer templates
INSERT INTO "PUBLIC"."ANSWER_TEMPLATES" (ID, NUMBER, "TEXT", QUESTION_ID, REQUIRES_COMMENT, DISALLOWS_OTHER_ANSWERS ) VALUES  ( 1, 1, 'dobrze', 1, false, true )
INSERT INTO "PUBLIC"."ANSWER_TEMPLATES" (ID, NUMBER, "TEXT", QUESTION_ID, REQUIRES_COMMENT, DISALLOWS_OTHER_ANSWERS ) VALUES  ( 2, 2, 'przecietnie', 1, false, true )
INSERT INTO "PUBLIC"."ANSWER_TEMPLATES" (ID, NUMBER, "TEXT", QUESTION_ID, REQUIRES_COMMENT, DISALLOWS_OTHER_ANSWERS ) VALUES  ( 3, 3, 'slabo', 1, false, true )

INSERT INTO "PUBLIC"."ANSWER_TEMPLATES" (ID, NUMBER, "TEXT", QUESTION_ID , REQUIRES_COMMENT, DISALLOWS_OTHER_ANSWERS) VALUES  ( 4, 1, 'dobrze', 2, false, true )
INSERT INTO "PUBLIC"."ANSWER_TEMPLATES" (ID, NUMBER, "TEXT", QUESTION_ID , REQUIRES_COMMENT, DISALLOWS_OTHER_ANSWERS) VALUES  ( 5, 2, 'przecietnie', 2, false, true )
INSERT INTO "PUBLIC"."ANSWER_TEMPLATES" (ID, NUMBER, "TEXT", QUESTION_ID , REQUIRES_COMMENT, DISALLOWS_OTHER_ANSWERS) VALUES  ( 6, 3, 'slabo', 2, false, true )

INSERT INTO "PUBLIC"."ANSWER_TEMPLATES" (ID, NUMBER, "TEXT", QUESTION_ID , REQUIRES_COMMENT, DISALLOWS_OTHER_ANSWERS) VALUES  ( 7, 1, 'dobrze', 3, false, true )
INSERT INTO "PUBLIC"."ANSWER_TEMPLATES" (ID, NUMBER, "TEXT", QUESTION_ID , REQUIRES_COMMENT, DISALLOWS_OTHER_ANSWERS) VALUES  ( 8, 2, 'przecietnie', 3, false, true )
INSERT INTO "PUBLIC"."ANSWER_TEMPLATES" (ID, NUMBER, "TEXT", QUESTION_ID , REQUIRES_COMMENT, DISALLOWS_OTHER_ANSWERS) VALUES  ( 9, 3, 'slabo', 3, false, true )

INSERT INTO "PUBLIC"."ANSWER_TEMPLATES" (ID, NUMBER, "TEXT", QUESTION_ID , REQUIRES_COMMENT, DISALLOWS_OTHER_ANSWERS) VALUES  ( 10, 1, 'dobrze', 4, false, true )
INSERT INTO "PUBLIC"."ANSWER_TEMPLATES" (ID, NUMBER, "TEXT", QUESTION_ID , REQUIRES_COMMENT, DISALLOWS_OTHER_ANSWERS) VALUES  ( 11, 2, 'przecietnie', 4, false, true )
INSERT INTO "PUBLIC"."ANSWER_TEMPLATES" (ID, NUMBER, "TEXT", QUESTION_ID , REQUIRES_COMMENT, DISALLOWS_OTHER_ANSWERS) VALUES  ( 12, 3, 'slabo', 4, false, true )

INSERT INTO "PUBLIC"."ANSWER_TEMPLATES" (ID, NUMBER, "TEXT", QUESTION_ID , REQUIRES_COMMENT, DISALLOWS_OTHER_ANSWERS) VALUES  ( 13, 1, 'dobrze', 5, false, true )
INSERT INTO "PUBLIC"."ANSWER_TEMPLATES" (ID, NUMBER, "TEXT", QUESTION_ID , REQUIRES_COMMENT, DISALLOWS_OTHER_ANSWERS) VALUES  ( 14, 2, 'przecietnie', 5, false, true )
INSERT INTO "PUBLIC"."ANSWER_TEMPLATES" (ID, NUMBER, "TEXT", QUESTION_ID , REQUIRES_COMMENT, DISALLOWS_OTHER_ANSWERS) VALUES  ( 15, 3, 'slabo', 5, false, true )

-- Ankieta: Ocena sposobu prowadzenia zajęć dydaktycznych przez nauczycieli akademickich
INSERT INTO "PUBLIC"."SURVEY_TEMPLATES" (ID, TITLE, USER_ID, CREATION_DATE ) VALUES  ( 3, 'Ocena sposobu prowadzenia zajec dydaktycznych', 3, CURRENT_TIMESTAMP )

INSERT INTO "PUBLIC"."QUESTION_TEMPLATES" (ID, NUMBER, "TEXT", HTML_TEXT, TEMPLATE, QUESTION_TYPE ) VALUES  ( 6, 1, 'Jak oceniasz komunikatywnosc (umiejetnosc przekazywania materialu) prowadzacego zajecia?','Jak oceniasz komunikatywnosc (umiejetnosc przekazywania materialu) prowadzacego zajecia?', 3, 'SINGLE_CHOICE' )
INSERT INTO "PUBLIC"."QUESTION_TEMPLATES" (ID, NUMBER, "TEXT", HTML_TEXT, TEMPLATE, QUESTION_TYPE ) VALUES  ( 7, 2, 'Czy sposob prowadzenia zajec pobudzil Twoje zainteresowanie przedmiotem?','Czy sposob prowadzenia zajec pobudzil Twoje zainteresowanie przedmiotem?', 3, 'SINGLE_CHOICE' )
INSERT INTO "PUBLIC"."QUESTION_TEMPLATES" (ID, NUMBER, "TEXT", HTML_TEXT, TEMPLATE, QUESTION_TYPE ) VALUES  ( 8, 3, 'Czy zajecia wplynely na poziom Twojej wiedzy?','Czy zajecia wplynely na poziom Twojej wiedzy?', 3, 'SINGLE_CHOICE' )
INSERT INTO "PUBLIC"."QUESTION_TEMPLATES" (ID, NUMBER, "TEXT", HTML_TEXT, TEMPLATE, QUESTION_TYPE ) VALUES  ( 9, 4, 'Jak oceniasz kulture prowadzacego zajecia w kontaktach ze studentami?','Jak oceniasz kulture prowadzacego zajecia w kontaktach ze studentami?', 3, 'SINGLE_CHOICE' )
INSERT INTO "PUBLIC"."QUESTION_TEMPLATES" (ID, NUMBER, "TEXT", HTML_TEXT, TEMPLATE, QUESTION_TYPE ) VALUES  ( 10, 5, 'Jak oceniasz przygotowanie prowadzacego zajecia do zajec dydaktycznych?','Jak oceniasz przygotowanie prowadzacego zajecia do zajec dydaktycznych?', 3, 'SINGLE_CHOICE' )
INSERT INTO "PUBLIC"."QUESTION_TEMPLATES" (ID, NUMBER, "TEXT", HTML_TEXT, TEMPLATE, QUESTION_TYPE ) VALUES  ( 11, 6, 'Jak oceniasz obowiazkowosc i punktualnosc prowadzacego zajecia?','Jak oceniasz obowiazkowosc i punktualnosc prowadzacego zajecia?', 3, 'SINGLE_CHOICE' )

INSERT INTO "PUBLIC"."ANSWER_TEMPLATES" (ID, NUMBER, "TEXT", QUESTION_ID, REQUIRES_COMMENT, DISALLOWS_OTHER_ANSWERS ) VALUES  ( 16, 1, 'niedostateczny (2)', 6, false, true )
INSERT INTO "PUBLIC"."ANSWER_TEMPLATES" (ID, NUMBER, "TEXT", QUESTION_ID, REQUIRES_COMMENT, DISALLOWS_OTHER_ANSWERS ) VALUES  ( 17, 2, 'dostateczny (3)', 6, false, true )
INSERT INTO "PUBLIC"."ANSWER_TEMPLATES" (ID, NUMBER, "TEXT", QUESTION_ID, REQUIRES_COMMENT, DISALLOWS_OTHER_ANSWERS ) VALUES  ( 18, 3, 'dobry (4)', 6, false, true )
INSERT INTO "PUBLIC"."ANSWER_TEMPLATES" (ID, NUMBER, "TEXT", QUESTION_ID, REQUIRES_COMMENT, DISALLOWS_OTHER_ANSWERS ) VALUES  ( 19, 4, 'bardzo dobry (5)', 6, false, true )

INSERT INTO "PUBLIC"."ANSWER_TEMPLATES" (ID, NUMBER, "TEXT", QUESTION_ID, REQUIRES_COMMENT, DISALLOWS_OTHER_ANSWERS ) VALUES  ( 20, 1, 'niedostateczny (2)', 7, false, true )
INSERT INTO "PUBLIC"."ANSWER_TEMPLATES" (ID, NUMBER, "TEXT", QUESTION_ID, REQUIRES_COMMENT, DISALLOWS_OTHER_ANSWERS ) VALUES  ( 21, 2, 'dostateczny (3)', 7, false, true )
INSERT INTO "PUBLIC"."ANSWER_TEMPLATES" (ID, NUMBER, "TEXT", QUESTION_ID, REQUIRES_COMMENT, DISALLOWS_OTHER_ANSWERS ) VALUES  ( 22, 3, 'dobry (4)', 7, false, true )
INSERT INTO "PUBLIC"."ANSWER_TEMPLATES" (ID, NUMBER, "TEXT", QUESTION_ID, REQUIRES_COMMENT, DISALLOWS_OTHER_ANSWERS ) VALUES  ( 23, 4, 'bardzo dobry (5)', 7, false, true )

INSERT INTO "PUBLIC"."ANSWER_TEMPLATES" (ID, NUMBER, "TEXT", QUESTION_ID, REQUIRES_COMMENT, DISALLOWS_OTHER_ANSWERS ) VALUES  ( 24, 1, 'niedostateczny (2)', 8, false, true )
INSERT INTO "PUBLIC"."ANSWER_TEMPLATES" (ID, NUMBER, "TEXT", QUESTION_ID, REQUIRES_COMMENT, DISALLOWS_OTHER_ANSWERS ) VALUES  ( 25, 2, 'dostateczny (3)', 8, false, true )
INSERT INTO "PUBLIC"."ANSWER_TEMPLATES" (ID, NUMBER, "TEXT", QUESTION_ID, REQUIRES_COMMENT, DISALLOWS_OTHER_ANSWERS ) VALUES  ( 26, 3, 'dobry (4)', 8, false, true )
INSERT INTO "PUBLIC"."ANSWER_TEMPLATES" (ID, NUMBER, "TEXT", QUESTION_ID, REQUIRES_COMMENT, DISALLOWS_OTHER_ANSWERS ) VALUES  ( 27, 4, 'bardzo dobry (5)', 8, false, true )

INSERT INTO "PUBLIC"."ANSWER_TEMPLATES" (ID, NUMBER, "TEXT", QUESTION_ID, REQUIRES_COMMENT, DISALLOWS_OTHER_ANSWERS ) VALUES  ( 28, 1, 'niedostateczny (2)', 9, false, true )
INSERT INTO "PUBLIC"."ANSWER_TEMPLATES" (ID, NUMBER, "TEXT", QUESTION_ID, REQUIRES_COMMENT, DISALLOWS_OTHER_ANSWERS ) VALUES  ( 29, 2, 'dostateczny (3)', 9, false, true )
INSERT INTO "PUBLIC"."ANSWER_TEMPLATES" (ID, NUMBER, "TEXT", QUESTION_ID, REQUIRES_COMMENT, DISALLOWS_OTHER_ANSWERS ) VALUES  ( 30, 3, 'dobry (4)', 9, false, true )
INSERT INTO "PUBLIC"."ANSWER_TEMPLATES" (ID, NUMBER, "TEXT", QUESTION_ID, REQUIRES_COMMENT, DISALLOWS_OTHER_ANSWERS ) VALUES  ( 31, 4, 'bardzo dobry (5)', 9, false, true )

INSERT INTO "PUBLIC"."ANSWER_TEMPLATES" (ID, NUMBER, "TEXT", QUESTION_ID, REQUIRES_COMMENT, DISALLOWS_OTHER_ANSWERS ) VALUES  ( 32, 1, 'niedostateczny (2)', 10, false, true )
INSERT INTO "PUBLIC"."ANSWER_TEMPLATES" (ID, NUMBER, "TEXT", QUESTION_ID, REQUIRES_COMMENT, DISALLOWS_OTHER_ANSWERS ) VALUES  ( 33, 2, 'dostateczny (3)', 10, false, true )
INSERT INTO "PUBLIC"."ANSWER_TEMPLATES" (ID, NUMBER, "TEXT", QUESTION_ID, REQUIRES_COMMENT, DISALLOWS_OTHER_ANSWERS ) VALUES  ( 34, 3, 'dobry (4)', 10, false, true )
INSERT INTO "PUBLIC"."ANSWER_TEMPLATES" (ID, NUMBER, "TEXT", QUESTION_ID, REQUIRES_COMMENT, DISALLOWS_OTHER_ANSWERS ) VALUES  ( 35, 4, 'bardzo dobry (5)', 10, false, true )

INSERT INTO "PUBLIC"."ANSWER_TEMPLATES" (ID, NUMBER, "TEXT", QUESTION_ID, REQUIRES_COMMENT, DISALLOWS_OTHER_ANSWERS ) VALUES  ( 36, 1, 'niedostateczny (2)', 11, false, true )
INSERT INTO "PUBLIC"."ANSWER_TEMPLATES" (ID, NUMBER, "TEXT", QUESTION_ID, REQUIRES_COMMENT, DISALLOWS_OTHER_ANSWERS ) VALUES  ( 37, 2, 'dostateczny (3)', 11, false, true )
INSERT INTO "PUBLIC"."ANSWER_TEMPLATES" (ID, NUMBER, "TEXT", QUESTION_ID, REQUIRES_COMMENT, DISALLOWS_OTHER_ANSWERS ) VALUES  ( 38, 3, 'dobry (4)', 11, false, true )
INSERT INTO "PUBLIC"."ANSWER_TEMPLATES" (ID, NUMBER, "TEXT", QUESTION_ID, REQUIRES_COMMENT, DISALLOWS_OTHER_ANSWERS ) VALUES  ( 39, 4, 'bardzo dobry (5)', 11, false, true )

-- Ankieta oceny szkolenia
INSERT INTO "PUBLIC"."SURVEY_TEMPLATES" (ID, TITLE, USER_ID, CREATION_DATE ) VALUES  ( 4, 'Ankieta oceny szkolenia', 3, CURRENT_TIMESTAMP )

INSERT INTO "PUBLIC"."QUESTION_TEMPLATES" (ID, NUMBER, "TEXT", HTML_TEXT, TEMPLATE, QUESTION_TYPE ) VALUES  ( 12, 1, 'Jak oceniasz program szkolenia?','Jak oceniasz program szkolenia?', 4, 'SINGLE_CHOICE' )
INSERT INTO "PUBLIC"."QUESTION_TEMPLATES" (ID, NUMBER, "TEXT", HTML_TEXT, TEMPLATE, QUESTION_TYPE ) VALUES  ( 13, 2, 'W jakim stopniu tematyka kursu zostala wyczerpana?','W jakim stopniu tematyka kursu zostala wyczerpana?', 4, 'SINGLE_CHOICE' )
INSERT INTO "PUBLIC"."QUESTION_TEMPLATES" (ID, NUMBER, "TEXT", HTML_TEXT, TEMPLATE, QUESTION_TYPE ) VALUES  ( 14, 3, 'Jak oceniasz przygotowanie merytoryczne wykladowcy?','Jak oceniasz przygotowanie merytoryczne wykladowcy?', 4, 'SINGLE_CHOICE' )
INSERT INTO "PUBLIC"."QUESTION_TEMPLATES" (ID, NUMBER, "TEXT", HTML_TEXT, TEMPLATE, QUESTION_TYPE ) VALUES  ( 15, 4, 'Jak oceniasz komunikatywnosc wykladowcy?','Jak oceniasz komunikatywnosc wykladowcy?', 4, 'SINGLE_CHOICE' )
INSERT INTO "PUBLIC"."QUESTION_TEMPLATES" (ID, NUMBER, "TEXT", HTML_TEXT, TEMPLATE, QUESTION_TYPE ) VALUES  ( 16, 5, 'Jak oceniasz materialy szkoleniowe?','Jak oceniasz materialy szkoleniowe?', 4, 'SINGLE_CHOICE' )
INSERT INTO "PUBLIC"."QUESTION_TEMPLATES" (ID, NUMBER, "TEXT", HTML_TEXT, TEMPLATE, QUESTION_TYPE ) VALUES  ( 17, 6, 'Jak oceniasz warunki socjalne (przygotowanie sali, krzesla, stanowiska szkoleniowe)?','Jak oceniasz warunki socjalne (przygotowanie sali, krzesla, stanowiska szkoleniowe)?', 4, 'SINGLE_CHOICE' )
INSERT INTO "PUBLIC"."QUESTION_TEMPLATES" (ID, NUMBER, "TEXT", HTML_TEXT, TEMPLATE, QUESTION_TYPE ) VALUES  ( 18, 7, 'W jakim stopniu szkolenie spelnilo twoje oczekiwania?','W jakim stopniu szkolenie spelnilo twoje oczekiwania?', 4, 'SINGLE_CHOICE' )
INSERT INTO "PUBLIC"."QUESTION_TEMPLATES" (ID, NUMBER, "TEXT", HTML_TEXT, TEMPLATE, QUESTION_TYPE ) VALUES  ( 19, 8, 'Jak oceniasz odniesione korzysci wlasne (wiedza i umiejetnosci) wynikajace z uczestnictwa w szkoleniu?','Jak oceniasz odniesione korzysci wlasne (wiedza i umiejetnosci) wynikajace z uczestnictwa w szkoleniu?', 4, 'SINGLE_CHOICE' )
INSERT INTO "PUBLIC"."QUESTION_TEMPLATES" (ID, NUMBER, "TEXT", HTML_TEXT, TEMPLATE, QUESTION_TYPE ) VALUES  ( 20, 9, 'Czy polecilabys/polecilbys to szkolenie innej osobie?','Czy polecilabys/polecilbys to szkolenie innej osobie?', 4, 'SINGLE_CHOICE' )
INSERT INTO "PUBLIC"."QUESTION_TEMPLATES" (ID, NUMBER, "TEXT", HTML_TEXT, TEMPLATE, QUESTION_TYPE ) VALUES  ( 21, 10, 'Jakies uwagi?','Jakies uwagi?', 4, 'OPEN' )

INSERT INTO "PUBLIC"."ANSWER_TEMPLATES" (ID, NUMBER, "TEXT", QUESTION_ID, REQUIRES_COMMENT, DISALLOWS_OTHER_ANSWERS ) VALUES  ( 40, 1, 'negatywna (1)', 12, false, true )
INSERT INTO "PUBLIC"."ANSWER_TEMPLATES" (ID, NUMBER, "TEXT", QUESTION_ID, REQUIRES_COMMENT, DISALLOWS_OTHER_ANSWERS ) VALUES  ( 41, 2, 'mierna (2)', 12, false, true )
INSERT INTO "PUBLIC"."ANSWER_TEMPLATES" (ID, NUMBER, "TEXT", QUESTION_ID, REQUIRES_COMMENT, DISALLOWS_OTHER_ANSWERS ) VALUES  ( 42, 3, 'dostateczna (3)', 12, false, true )
INSERT INTO "PUBLIC"."ANSWER_TEMPLATES" (ID, NUMBER, "TEXT", QUESTION_ID, REQUIRES_COMMENT, DISALLOWS_OTHER_ANSWERS ) VALUES  ( 43, 4, 'dobra (4)', 12, false, true )
INSERT INTO "PUBLIC"."ANSWER_TEMPLATES" (ID, NUMBER, "TEXT", QUESTION_ID, REQUIRES_COMMENT, DISALLOWS_OTHER_ANSWERS ) VALUES  ( 44, 5, 'bardzo dobra (5)', 12, false, true )

INSERT INTO "PUBLIC"."ANSWER_TEMPLATES" (ID, NUMBER, "TEXT", QUESTION_ID, REQUIRES_COMMENT, DISALLOWS_OTHER_ANSWERS ) VALUES  ( 45, 1, 'negatywna (1)', 13, false, true )
INSERT INTO "PUBLIC"."ANSWER_TEMPLATES" (ID, NUMBER, "TEXT", QUESTION_ID, REQUIRES_COMMENT, DISALLOWS_OTHER_ANSWERS ) VALUES  ( 46, 2, 'mierna (2)', 13, false, true )
INSERT INTO "PUBLIC"."ANSWER_TEMPLATES" (ID, NUMBER, "TEXT", QUESTION_ID, REQUIRES_COMMENT, DISALLOWS_OTHER_ANSWERS ) VALUES  ( 47, 3, 'dostateczna (3)', 13, false, true )
INSERT INTO "PUBLIC"."ANSWER_TEMPLATES" (ID, NUMBER, "TEXT", QUESTION_ID, REQUIRES_COMMENT, DISALLOWS_OTHER_ANSWERS ) VALUES  ( 48, 4, 'dobra (4)', 13, false, true )
INSERT INTO "PUBLIC"."ANSWER_TEMPLATES" (ID, NUMBER, "TEXT", QUESTION_ID, REQUIRES_COMMENT, DISALLOWS_OTHER_ANSWERS ) VALUES  ( 49, 5, 'bardzo dobra (5)', 13, false, true )

INSERT INTO "PUBLIC"."ANSWER_TEMPLATES" (ID, NUMBER, "TEXT", QUESTION_ID, REQUIRES_COMMENT, DISALLOWS_OTHER_ANSWERS ) VALUES  ( 50, 1, 'negatywna (1)', 14, false, true )
INSERT INTO "PUBLIC"."ANSWER_TEMPLATES" (ID, NUMBER, "TEXT", QUESTION_ID, REQUIRES_COMMENT, DISALLOWS_OTHER_ANSWERS ) VALUES  ( 51, 2, 'mierna (2)', 14, false, true )
INSERT INTO "PUBLIC"."ANSWER_TEMPLATES" (ID, NUMBER, "TEXT", QUESTION_ID, REQUIRES_COMMENT, DISALLOWS_OTHER_ANSWERS ) VALUES  ( 52, 3, 'dostateczna (3)', 14, false, true )
INSERT INTO "PUBLIC"."ANSWER_TEMPLATES" (ID, NUMBER, "TEXT", QUESTION_ID, REQUIRES_COMMENT, DISALLOWS_OTHER_ANSWERS ) VALUES  ( 53, 4, 'dobra (4)', 14, false, true )
INSERT INTO "PUBLIC"."ANSWER_TEMPLATES" (ID, NUMBER, "TEXT", QUESTION_ID, REQUIRES_COMMENT, DISALLOWS_OTHER_ANSWERS ) VALUES  ( 54, 5, 'bardzo dobra (5)', 14, false, true )

INSERT INTO "PUBLIC"."ANSWER_TEMPLATES" (ID, NUMBER, "TEXT", QUESTION_ID, REQUIRES_COMMENT, DISALLOWS_OTHER_ANSWERS ) VALUES  ( 55, 1, 'negatywna (1)', 15, false, true )
INSERT INTO "PUBLIC"."ANSWER_TEMPLATES" (ID, NUMBER, "TEXT", QUESTION_ID, REQUIRES_COMMENT, DISALLOWS_OTHER_ANSWERS ) VALUES  ( 56, 2, 'mierna (2)', 15, false, true )
INSERT INTO "PUBLIC"."ANSWER_TEMPLATES" (ID, NUMBER, "TEXT", QUESTION_ID, REQUIRES_COMMENT, DISALLOWS_OTHER_ANSWERS ) VALUES  ( 57, 3, 'dostateczna (3)', 15, false, true )
INSERT INTO "PUBLIC"."ANSWER_TEMPLATES" (ID, NUMBER, "TEXT", QUESTION_ID, REQUIRES_COMMENT, DISALLOWS_OTHER_ANSWERS ) VALUES  ( 58, 4, 'dobra (4)', 15, false, true )
INSERT INTO "PUBLIC"."ANSWER_TEMPLATES" (ID, NUMBER, "TEXT", QUESTION_ID, REQUIRES_COMMENT, DISALLOWS_OTHER_ANSWERS ) VALUES  ( 59, 5, 'bardzo dobra (5)', 15, false, true )

INSERT INTO "PUBLIC"."ANSWER_TEMPLATES" (ID, NUMBER, "TEXT", QUESTION_ID, REQUIRES_COMMENT, DISALLOWS_OTHER_ANSWERS ) VALUES  ( 60, 1, 'negatywna (1)', 16, false, true )
INSERT INTO "PUBLIC"."ANSWER_TEMPLATES" (ID, NUMBER, "TEXT", QUESTION_ID, REQUIRES_COMMENT, DISALLOWS_OTHER_ANSWERS ) VALUES  ( 61, 2, 'mierna (2)', 16, false, true )
INSERT INTO "PUBLIC"."ANSWER_TEMPLATES" (ID, NUMBER, "TEXT", QUESTION_ID, REQUIRES_COMMENT, DISALLOWS_OTHER_ANSWERS ) VALUES  ( 62, 3, 'dostateczna (3)', 16, false, true )
INSERT INTO "PUBLIC"."ANSWER_TEMPLATES" (ID, NUMBER, "TEXT", QUESTION_ID, REQUIRES_COMMENT, DISALLOWS_OTHER_ANSWERS ) VALUES  ( 63, 4, 'dobra (4)', 16, false, true )
INSERT INTO "PUBLIC"."ANSWER_TEMPLATES" (ID, NUMBER, "TEXT", QUESTION_ID, REQUIRES_COMMENT, DISALLOWS_OTHER_ANSWERS ) VALUES  ( 64, 5, 'bardzo dobra (5)', 16, false, true )

INSERT INTO "PUBLIC"."ANSWER_TEMPLATES" (ID, NUMBER, "TEXT", QUESTION_ID, REQUIRES_COMMENT, DISALLOWS_OTHER_ANSWERS ) VALUES  ( 65, 1, 'negatywna (1)', 17, false, true )
INSERT INTO "PUBLIC"."ANSWER_TEMPLATES" (ID, NUMBER, "TEXT", QUESTION_ID, REQUIRES_COMMENT, DISALLOWS_OTHER_ANSWERS ) VALUES  ( 66, 2, 'mierna (2)', 17, false, true )
INSERT INTO "PUBLIC"."ANSWER_TEMPLATES" (ID, NUMBER, "TEXT", QUESTION_ID, REQUIRES_COMMENT, DISALLOWS_OTHER_ANSWERS ) VALUES  ( 67, 3, 'dostateczna (3)', 17, false, true )
INSERT INTO "PUBLIC"."ANSWER_TEMPLATES" (ID, NUMBER, "TEXT", QUESTION_ID, REQUIRES_COMMENT, DISALLOWS_OTHER_ANSWERS ) VALUES  ( 68, 4, 'dobra (4)', 17, false, true )
INSERT INTO "PUBLIC"."ANSWER_TEMPLATES" (ID, NUMBER, "TEXT", QUESTION_ID, REQUIRES_COMMENT, DISALLOWS_OTHER_ANSWERS ) VALUES  ( 69, 5, 'bardzo dobra (5)', 17, false, true )

INSERT INTO "PUBLIC"."ANSWER_TEMPLATES" (ID, NUMBER, "TEXT", QUESTION_ID, REQUIRES_COMMENT, DISALLOWS_OTHER_ANSWERS ) VALUES  ( 70, 1, 'negatywna (1)', 18, false, true )
INSERT INTO "PUBLIC"."ANSWER_TEMPLATES" (ID, NUMBER, "TEXT", QUESTION_ID, REQUIRES_COMMENT, DISALLOWS_OTHER_ANSWERS ) VALUES  ( 71, 2, 'mierna (2)', 18, false, true )
INSERT INTO "PUBLIC"."ANSWER_TEMPLATES" (ID, NUMBER, "TEXT", QUESTION_ID, REQUIRES_COMMENT, DISALLOWS_OTHER_ANSWERS ) VALUES  ( 72, 3, 'dostateczna (3)', 18, false, true )
INSERT INTO "PUBLIC"."ANSWER_TEMPLATES" (ID, NUMBER, "TEXT", QUESTION_ID, REQUIRES_COMMENT, DISALLOWS_OTHER_ANSWERS ) VALUES  ( 73, 4, 'dobra (4)', 18, false, true )
INSERT INTO "PUBLIC"."ANSWER_TEMPLATES" (ID, NUMBER, "TEXT", QUESTION_ID, REQUIRES_COMMENT, DISALLOWS_OTHER_ANSWERS ) VALUES  ( 74, 5, 'bardzo dobra (5)', 18, false, true )

INSERT INTO "PUBLIC"."ANSWER_TEMPLATES" (ID, NUMBER, "TEXT", QUESTION_ID, REQUIRES_COMMENT, DISALLOWS_OTHER_ANSWERS ) VALUES  ( 75, 1, 'negatywna (1)', 19, false, true )
INSERT INTO "PUBLIC"."ANSWER_TEMPLATES" (ID, NUMBER, "TEXT", QUESTION_ID, REQUIRES_COMMENT, DISALLOWS_OTHER_ANSWERS ) VALUES  ( 76, 2, 'mierna (2)', 19, false, true )
INSERT INTO "PUBLIC"."ANSWER_TEMPLATES" (ID, NUMBER, "TEXT", QUESTION_ID, REQUIRES_COMMENT, DISALLOWS_OTHER_ANSWERS ) VALUES  ( 77, 3, 'dostateczna (3)', 19, false, true )
INSERT INTO "PUBLIC"."ANSWER_TEMPLATES" (ID, NUMBER, "TEXT", QUESTION_ID, REQUIRES_COMMENT, DISALLOWS_OTHER_ANSWERS ) VALUES  ( 78, 4, 'dobra (4)', 19, false, true )
INSERT INTO "PUBLIC"."ANSWER_TEMPLATES" (ID, NUMBER, "TEXT", QUESTION_ID, REQUIRES_COMMENT, DISALLOWS_OTHER_ANSWERS ) VALUES  ( 79, 5, 'bardzo dobra (5)', 19, false, true )

INSERT INTO "PUBLIC"."ANSWER_TEMPLATES" (ID, NUMBER, "TEXT", QUESTION_ID, REQUIRES_COMMENT, DISALLOWS_OTHER_ANSWERS ) VALUES  ( 80, 1, 'Tak', 20, false, true )
INSERT INTO "PUBLIC"."ANSWER_TEMPLATES" (ID, NUMBER, "TEXT", QUESTION_ID, REQUIRES_COMMENT, DISALLOWS_OTHER_ANSWERS ) VALUES  ( 81, 2, 'Nie', 20, false, true )

INSERT INTO USER_ACCOUNTS  (ID, EMAIL, PASSWORD, USERNAME ) VALUES(4,'jkowalski@email.com','jkowalski','jkowalski')
INSERT INTO USER_ACCOUNTS_PRIVILEGES (USER_ACCOUNT, PRIVILEGE) VALUES(4,'ROLE_USER')

INSERT INTO USER_ACCOUNTS  (ID, EMAIL, PASSWORD, USERNAME )VALUES(5,'znowak@email.com','znowak','znowak')
INSERT INTO USER_ACCOUNTS_PRIVILEGES (USER_ACCOUNT, PRIVILEGE) VALUES(5,'ROLE_USER')



INSERT INTO USER_ACCOUNTS  (ID, EMAIL, PASSWORD, USERNAME ) VALUES(6,'bpies@email.com','bpies','bpies')
INSERT INTO USER_ACCOUNTS_PRIVILEGES (USER_ACCOUNT, PRIVILEGE) VALUES(6,'ROLE_USER')

INSERT INTO USER_ACCOUNTS (ID, EMAIL, PASSWORD, USERNAME ) VALUES(7,'tkot@email.com','tkott','tkot')
INSERT INTO USER_ACCOUNTS_PRIVILEGES (USER_ACCOUNT, PRIVILEGE) VALUES(7,'ROLE_USER')



INSERT INTO USER_ACCOUNTS (ID, EMAIL, PASSWORD, USERNAME ) VALUES(8,'llis@email.com','lliss','llis')
INSERT INTO USER_ACCOUNTS_PRIVILEGES (USER_ACCOUNT, PRIVILEGE) VALUES(8,'ROLE_USER')

INSERT INTO USER_ACCOUNTS (ID, EMAIL, PASSWORD, USERNAME ) VALUES(9,'ddab@email.com','ddabb','ddab')
INSERT INTO USER_ACCOUNTS_PRIVILEGES (USER_ACCOUNT, PRIVILEGE) VALUES(9,'ROLE_USER')

INSERT INTO STUDENT_GROUPS VALUES(2,'Programowanie aplikacji sieciowych - dr. Bylina')
INSERT INTO STUDENT_GROUPS_MEMBERS (GROUP_ID, MEMBER_ID, GROUP_ROLE) VALUES(2,2,'GROUP_ADMINISTRATOR')

INSERT INTO STUDENT_GROUPS VALUES(3,'Programowanie w C++ - prof. Mikolajczak')
INSERT INTO STUDENT_GROUPS_MEMBERS (GROUP_ID, MEMBER_ID, GROUP_ROLE) VALUES(3,2,'GROUP_ADMINISTRATOR')

INSERT INTO STUDENT_GROUPS VALUES(4,'Programowanie komponentowe - dr. Daniluk')
INSERT INTO STUDENT_GROUPS_MEMBERS (GROUP_ID, MEMBER_ID, GROUP_ROLE) VALUES(4,2,'GROUP_ADMINISTRATOR')

DELETE FROM STUDENT_GROUPS_MEMBERS WHERE GROUP_ID=3 AND MEMBER_ID=2 AND GROUP_ROLE='GROUP_ADMINISTRATOR'
INSERT INTO STUDENT_GROUPS_MEMBERS (GROUP_ID, MEMBER_ID, GROUP_ROLE) VALUES(3,2,'GROUP_ADMINISTRATOR')
INSERT INTO STUDENT_GROUPS_MEMBERS (GROUP_ID, MEMBER_ID, GROUP_ROLE) VALUES(3,3,'EVALUATOR')

DELETE FROM STUDENT_GROUPS_MEMBERS WHERE GROUP_ID=4 AND MEMBER_ID=2 AND GROUP_ROLE='GROUP_ADMINISTRATOR'
INSERT INTO STUDENT_GROUPS_MEMBERS (MEMBER_ID, GROUP_ID, GROUP_ROLE) VALUES(4,2,'GROUP_ADMINISTRATOR')
INSERT INTO STUDENT_GROUPS_MEMBERS (MEMBER_ID, GROUP_ID, GROUP_ROLE) VALUES(4,3,'EVALUATOR')

DELETE FROM STUDENT_GROUPS_MEMBERS WHERE GROUP_ID=2 AND MEMBER_ID=2 AND GROUP_ROLE='GROUP_ADMINISTRATOR'
INSERT INTO STUDENT_GROUPS_MEMBERS (GROUP_ID, MEMBER_ID, GROUP_ROLE) VALUES(2,2,'GROUP_ADMINISTRATOR')
INSERT INTO STUDENT_GROUPS_MEMBERS (GROUP_ID, MEMBER_ID, GROUP_ROLE) VALUES(2,3,'EVALUATOR')

DELETE FROM STUDENT_GROUPS_MEMBERS WHERE GROUP_ID=2 AND MEMBER_ID=2 AND GROUP_ROLE='GROUP_ADMINISTRATOR'
DELETE FROM STUDENT_GROUPS_MEMBERS WHERE GROUP_ID=2 AND MEMBER_ID=3 AND GROUP_ROLE='EVALUATOR'
INSERT INTO STUDENT_GROUPS_MEMBERS (GROUP_ID, MEMBER_ID, GROUP_ROLE) VALUES(2,2,'GROUP_ADMINISTRATOR')
INSERT INTO STUDENT_GROUPS_MEMBERS (GROUP_ID, MEMBER_ID, GROUP_ROLE) VALUES(2,3,'EVALUATOR')
INSERT INTO STUDENT_GROUPS_MEMBERS (GROUP_ID, MEMBER_ID, GROUP_ROLE) VALUES(2,9,'STUDENT')
INSERT INTO STUDENT_GROUPS_MEMBERS (GROUP_ID, MEMBER_ID, GROUP_ROLE) VALUES(2,8,'STUDENT')
INSERT INTO STUDENT_GROUPS_MEMBERS (GROUP_ID, MEMBER_ID, GROUP_ROLE) VALUES(2,7,'STUDENT')
INSERT INTO STUDENT_GROUPS_MEMBERS (GROUP_ID, MEMBER_ID, GROUP_ROLE) VALUES(2,6,'STUDENT')
INSERT INTO STUDENT_GROUPS_MEMBERS (GROUP_ID, MEMBER_ID, GROUP_ROLE) VALUES(2,5,'STUDENT')
INSERT INTO STUDENT_GROUPS_MEMBERS (GROUP_ID, MEMBER_ID, GROUP_ROLE) VALUES(2,4,'STUDENT')
INSERT INTO STUDENT_GROUPS_MEMBERS (GROUP_ID, MEMBER_ID, GROUP_ROLE) VALUES(2,1,'STUDENT')

DELETE FROM STUDENT_GROUPS_MEMBERS WHERE GROUP_ID=3 AND MEMBER_ID=2 AND GROUP_ROLE='GROUP_ADMINISTRATOR'
DELETE FROM STUDENT_GROUPS_MEMBERS WHERE GROUP_ID=3 AND MEMBER_ID=3 AND GROUP_ROLE='EVALUATOR'
INSERT INTO STUDENT_GROUPS_MEMBERS (GROUP_ID, MEMBER_ID, GROUP_ROLE) VALUES(3,2,'GROUP_ADMINISTRATOR')
INSERT INTO STUDENT_GROUPS_MEMBERS (GROUP_ID, MEMBER_ID, GROUP_ROLE) VALUES(3,3,'EVALUATOR')
INSERT INTO STUDENT_GROUPS_MEMBERS (GROUP_ID, MEMBER_ID, GROUP_ROLE) VALUES(3,1,'STUDENT')
INSERT INTO STUDENT_GROUPS_MEMBERS (GROUP_ID, MEMBER_ID, GROUP_ROLE) VALUES(3,4,'STUDENT')
INSERT INTO STUDENT_GROUPS_MEMBERS (GROUP_ID, MEMBER_ID, GROUP_ROLE) VALUES(3,5,'STUDENT')
INSERT INTO STUDENT_GROUPS_MEMBERS (GROUP_ID, MEMBER_ID, GROUP_ROLE) VALUES(3,6,'STUDENT')
INSERT INTO STUDENT_GROUPS_MEMBERS (GROUP_ID, MEMBER_ID, GROUP_ROLE) VALUES(3,7,'STUDENT')
INSERT INTO STUDENT_GROUPS_MEMBERS (GROUP_ID, MEMBER_ID, GROUP_ROLE) VALUES(3,8,'STUDENT')
INSERT INTO STUDENT_GROUPS_MEMBERS (GROUP_ID, MEMBER_ID, GROUP_ROLE) VALUES(3,9,'STUDENT')

DELETE FROM STUDENT_GROUPS_MEMBERS WHERE GROUP_ID=4 AND MEMBER_ID=2 AND GROUP_ROLE='GROUP_ADMINISTRATOR'
DELETE FROM STUDENT_GROUPS_MEMBERS WHERE GROUP_ID=4 AND MEMBER_ID=3 AND GROUP_ROLE='EVALUATOR'
INSERT INTO STUDENT_GROUPS_MEMBERS (GROUP_ID, MEMBER_ID, GROUP_ROLE) VALUES(4,2,'GROUP_ADMINISTRATOR')
INSERT INTO STUDENT_GROUPS_MEMBERS (GROUP_ID, MEMBER_ID, GROUP_ROLE) VALUES(4,3,'EVALUATOR')
INSERT INTO STUDENT_GROUPS_MEMBERS (GROUP_ID, MEMBER_ID, GROUP_ROLE) VALUES(4,9,'STUDENT')
INSERT INTO STUDENT_GROUPS_MEMBERS (GROUP_ID, MEMBER_ID, GROUP_ROLE) VALUES(4,8,'STUDENT')
INSERT INTO STUDENT_GROUPS_MEMBERS (GROUP_ID, MEMBER_ID, GROUP_ROLE) VALUES(4,7,'STUDENT')
INSERT INTO STUDENT_GROUPS_MEMBERS (GROUP_ID, MEMBER_ID, GROUP_ROLE) VALUES(4,6,'STUDENT')
INSERT INTO STUDENT_GROUPS_MEMBERS (GROUP_ID, MEMBER_ID, GROUP_ROLE) VALUES(4,5,'STUDENT')
INSERT INTO STUDENT_GROUPS_MEMBERS (GROUP_ID, MEMBER_ID, GROUP_ROLE) VALUES(4,4,'STUDENT')
INSERT INTO STUDENT_GROUPS_MEMBERS (GROUP_ID, MEMBER_ID, GROUP_ROLE) VALUES(4,1,'STUDENT')
DELETE FROM STUDENT_GROUPS_MEMBERS WHERE GROUP_ID=4 AND MEMBER_ID=1 AND GROUP_ROLE='STUDENT'
DELETE FROM STUDENT_GROUPS_MEMBERS WHERE GROUP_ID=4 AND MEMBER_ID=2 AND GROUP_ROLE='GROUP_ADMINISTRATOR'
DELETE FROM STUDENT_GROUPS_MEMBERS WHERE GROUP_ID=4 AND MEMBER_ID=3 AND GROUP_ROLE='EVALUATOR'
DELETE FROM STUDENT_GROUPS_MEMBERS WHERE GROUP_ID=4 AND MEMBER_ID=4 AND GROUP_ROLE='STUDENT'
DELETE FROM STUDENT_GROUPS_MEMBERS WHERE GROUP_ID=4 AND MEMBER_ID=5 AND GROUP_ROLE='STUDENT'
DELETE FROM STUDENT_GROUPS_MEMBERS WHERE GROUP_ID=4 AND MEMBER_ID=6 AND GROUP_ROLE='STUDENT'
DELETE FROM STUDENT_GROUPS_MEMBERS WHERE GROUP_ID=4 AND MEMBER_ID=7 AND GROUP_ROLE='STUDENT'
DELETE FROM STUDENT_GROUPS_MEMBERS WHERE GROUP_ID=4 AND MEMBER_ID=8 AND GROUP_ROLE='STUDENT'
DELETE FROM STUDENT_GROUPS_MEMBERS WHERE GROUP_ID=4 AND MEMBER_ID=9 AND GROUP_ROLE='STUDENT'
INSERT INTO STUDENT_GROUPS_MEMBERS (GROUP_ID, MEMBER_ID, GROUP_ROLE) VALUES(4,1,'STUDENT')
INSERT INTO STUDENT_GROUPS_MEMBERS (GROUP_ID, MEMBER_ID, GROUP_ROLE) VALUES(4,2,'GROUP_ADMINISTRATOR')
INSERT INTO STUDENT_GROUPS_MEMBERS (GROUP_ID, MEMBER_ID, GROUP_ROLE) VALUES(4,3,'EVALUATOR')
INSERT INTO STUDENT_GROUPS_MEMBERS (GROUP_ID, MEMBER_ID, GROUP_ROLE) VALUES(4,5,'STUDENT')
INSERT INTO STUDENT_GROUPS_MEMBERS (GROUP_ID, MEMBER_ID, GROUP_ROLE) VALUES(4,6,'STUDENT')
INSERT INTO STUDENT_GROUPS_MEMBERS (GROUP_ID, MEMBER_ID, GROUP_ROLE) VALUES(4,7,'STUDENT')
INSERT INTO STUDENT_GROUPS_MEMBERS (GROUP_ID, MEMBER_ID, GROUP_ROLE) VALUES(4,8,'STUDENT')
INSERT INTO STUDENT_GROUPS_MEMBERS (GROUP_ID, MEMBER_ID, GROUP_ROLE) VALUES(4,9,'STUDENT')
DELETE FROM STUDENT_GROUPS_MEMBERS WHERE GROUP_ID=3 AND MEMBER_ID=1 AND GROUP_ROLE='STUDENT'
DELETE FROM STUDENT_GROUPS_MEMBERS WHERE GROUP_ID=3 AND MEMBER_ID=2 AND GROUP_ROLE='GROUP_ADMINISTRATOR'
DELETE FROM STUDENT_GROUPS_MEMBERS WHERE GROUP_ID=3 AND MEMBER_ID=3 AND GROUP_ROLE='EVALUATOR'
DELETE FROM STUDENT_GROUPS_MEMBERS WHERE GROUP_ID=3 AND MEMBER_ID=4 AND GROUP_ROLE='STUDENT'
DELETE FROM STUDENT_GROUPS_MEMBERS WHERE GROUP_ID=3 AND MEMBER_ID=5 AND GROUP_ROLE='STUDENT'
DELETE FROM STUDENT_GROUPS_MEMBERS WHERE GROUP_ID=3 AND MEMBER_ID=6 AND GROUP_ROLE='STUDENT'
DELETE FROM STUDENT_GROUPS_MEMBERS WHERE GROUP_ID=3 AND MEMBER_ID=7 AND GROUP_ROLE='STUDENT'
DELETE FROM STUDENT_GROUPS_MEMBERS WHERE GROUP_ID=3 AND MEMBER_ID=8 AND GROUP_ROLE='STUDENT'
DELETE FROM STUDENT_GROUPS_MEMBERS WHERE GROUP_ID=3 AND MEMBER_ID=9 AND GROUP_ROLE='STUDENT'
INSERT INTO STUDENT_GROUPS_MEMBERS (GROUP_ID, MEMBER_ID, GROUP_ROLE) VALUES(3,1,'STUDENT')
INSERT INTO STUDENT_GROUPS_MEMBERS (GROUP_ID, MEMBER_ID, GROUP_ROLE) VALUES(3,2,'GROUP_ADMINISTRATOR')
INSERT INTO STUDENT_GROUPS_MEMBERS (GROUP_ID, MEMBER_ID, GROUP_ROLE) VALUES(3,3,'EVALUATOR')
INSERT INTO STUDENT_GROUPS_MEMBERS (GROUP_ID, MEMBER_ID, GROUP_ROLE) VALUES(3,4,'STUDENT')
INSERT INTO STUDENT_GROUPS_MEMBERS (GROUP_ID, MEMBER_ID, GROUP_ROLE) VALUES(3,5,'STUDENT')
INSERT INTO STUDENT_GROUPS_MEMBERS (GROUP_ID, MEMBER_ID, GROUP_ROLE) VALUES(3,6,'STUDENT')
INSERT INTO STUDENT_GROUPS_MEMBERS (GROUP_ID, MEMBER_ID, GROUP_ROLE) VALUES(3,8,'STUDENT')
INSERT INTO STUDENT_GROUPS_MEMBERS (GROUP_ID, MEMBER_ID, GROUP_ROLE) VALUES(3,9,'STUDENT')
DELETE FROM STUDENT_GROUPS_MEMBERS WHERE GROUP_ID=2 AND MEMBER_ID=1 AND GROUP_ROLE='STUDENT'
DELETE FROM STUDENT_GROUPS_MEMBERS WHERE GROUP_ID=2 AND MEMBER_ID=2 AND GROUP_ROLE='GROUP_ADMINISTRATOR'
DELETE FROM STUDENT_GROUPS_MEMBERS WHERE GROUP_ID=2 AND MEMBER_ID=3 AND GROUP_ROLE='EVALUATOR'
DELETE FROM STUDENT_GROUPS_MEMBERS WHERE GROUP_ID=2 AND MEMBER_ID=4 AND GROUP_ROLE='STUDENT'
DELETE FROM STUDENT_GROUPS_MEMBERS WHERE GROUP_ID=2 AND MEMBER_ID=5 AND GROUP_ROLE='STUDENT'
DELETE FROM STUDENT_GROUPS_MEMBERS WHERE GROUP_ID=2 AND MEMBER_ID=6 AND GROUP_ROLE='STUDENT'
DELETE FROM STUDENT_GROUPS_MEMBERS WHERE GROUP_ID=2 AND MEMBER_ID=7 AND GROUP_ROLE='STUDENT'
DELETE FROM STUDENT_GROUPS_MEMBERS WHERE GROUP_ID=2 AND MEMBER_ID=8 AND GROUP_ROLE='STUDENT'
DELETE FROM STUDENT_GROUPS_MEMBERS WHERE GROUP_ID=2 AND MEMBER_ID=9 AND GROUP_ROLE='STUDENT'
INSERT INTO STUDENT_GROUPS_MEMBERS (GROUP_ID, MEMBER_ID, GROUP_ROLE) VALUES(2,1,'STUDENT')
INSERT INTO STUDENT_GROUPS_MEMBERS (GROUP_ID, MEMBER_ID, GROUP_ROLE) VALUES(2,2,'GROUP_ADMINISTRATOR')
INSERT INTO STUDENT_GROUPS_MEMBERS (GROUP_ID, MEMBER_ID, GROUP_ROLE) VALUES(2,3,'EVALUATOR')
INSERT INTO STUDENT_GROUPS_MEMBERS (GROUP_ID, MEMBER_ID, GROUP_ROLE) VALUES(2,4,'STUDENT')
INSERT INTO STUDENT_GROUPS_MEMBERS (GROUP_ID, MEMBER_ID, GROUP_ROLE) VALUES(2,5,'STUDENT')
INSERT INTO STUDENT_GROUPS_MEMBERS (GROUP_ID, MEMBER_ID, GROUP_ROLE) VALUES(2,7,'STUDENT')
INSERT INTO STUDENT_GROUPS_MEMBERS (GROUP_ID, MEMBER_ID, GROUP_ROLE) VALUES(2,8,'STUDENT')
INSERT INTO STUDENT_GROUPS_MEMBERS (GROUP_ID, MEMBER_ID, GROUP_ROLE) VALUES(2,9,'STUDENT')