INSERT INTO USER_ACCOUNTS (ID, EMAIL, PASSWORD, USERNAME ) VALUES  ( 1, 'student@adapt.com', 'student', 'student' );
INSERT INTO USER_ACCOUNTS (ID, EMAIL, PASSWORD, USERNAME ) VALUES  ( 2, 'teacher@adapt.com', 'teacher', 'teacher' );
INSERT INTO USER_ACCOUNTS (ID, EMAIL, PASSWORD, USERNAME ) VALUES  ( 4, 'bad_teacher@adapt.com', 'bad_teacher', 'bad_teacher' );
INSERT INTO USER_ACCOUNTS (ID, EMAIL, PASSWORD, USERNAME ) VALUES  ( 3, 'evaluator@adapt.com', 'evaluator', 'evaluator' );
INSERT INTO USER_ACCOUNTS (ID, EMAIL, PASSWORD, USERNAME ) VALUES  ( 5, 'evaluator2@adapt.com', 'evaluator2', 'evaluator2' );

INSERT INTO USER_ACCOUNTS_PRIVILEGES (USER_ACCOUNT, PRIVILEGE ) VALUES  ( 1, 'ROLE_USER' );
INSERT INTO USER_ACCOUNTS_PRIVILEGES (USER_ACCOUNT, PRIVILEGE ) VALUES  ( 2, 'ROLE_USER' );
INSERT INTO USER_ACCOUNTS_PRIVILEGES (USER_ACCOUNT, PRIVILEGE ) VALUES  ( 3, 'ROLE_USER' );
INSERT INTO USER_ACCOUNTS_PRIVILEGES (USER_ACCOUNT, PRIVILEGE ) VALUES  ( 3, 'ROLE_EVALUATOR' );
INSERT INTO USER_ACCOUNTS_PRIVILEGES (USER_ACCOUNT, PRIVILEGE ) VALUES  ( 2, 'ROLE_TEACHER' );

INSERT INTO STUDENT_GROUPS (ID, GROUP_NAME, ALLOW_STUDENT_SIGNUP) VALUES (1, 'some group', false);
INSERT INTO STUDENT_GROUPS (ID, GROUP_NAME, ALLOW_STUDENT_SIGNUP) VALUES (2, 'another group', false);
INSERT INTO STUDENT_GROUPS (ID, GROUP_NAME, ALLOW_STUDENT_SIGNUP) VALUES (3, 'yet another group', false);

INSERT INTO STUDENT_GROUPS_MEMBERS (GROUP_ID, MEMBER_ID, GROUP_ROLE) VALUES (1,2,'GROUP_ADMINISTRATOR');
INSERT INTO STUDENT_GROUPS_MEMBERS (GROUP_ID, MEMBER_ID, GROUP_ROLE) VALUES (2,2,'GROUP_ADMINISTRATOR');
INSERT INTO STUDENT_GROUPS_MEMBERS (GROUP_ID, MEMBER_ID, GROUP_ROLE) VALUES (3,2,'GROUP_ADMINISTRATOR');
INSERT INTO STUDENT_GROUPS_MEMBERS (GROUP_ID, MEMBER_ID, GROUP_ROLE) VALUES (3,1,'STUDENT');
INSERT INTO STUDENT_GROUPS_MEMBERS (GROUP_ID, MEMBER_ID, GROUP_ROLE) VALUES (1,3,'EVALUATOR');
INSERT INTO STUDENT_GROUPS_MEMBERS (GROUP_ID, MEMBER_ID, GROUP_ROLE) VALUES (3,3,'EVALUATOR');
INSERT INTO STUDENT_GROUPS_MEMBERS (GROUP_ID, MEMBER_ID, GROUP_ROLE) VALUES (1,1,'STUDENT');

INSERT INTO SURVEY_TEMPLATES (ID, TITLE, USER_ID ) VALUES  ( 1, 'not published survey', 3 );
INSERT INTO QUESTION_TEMPLATES (ID, number, text, TEMPLATE, QUESTION_TYPE ) VALUES  ( 1, 1, 'open question', 1, 'OPEN' );
INSERT INTO SURVEY_PUBLICATIONS (ID, GROUP_ID, TEMPLATE_ID) VALUES (1,3,1);
